comp_name,exchange,per_end_date,gross_profit,tot_revnu,comm_stock_net
Apple Inc.,NSDQ,30-09-11,43818,108249,13331
Apple Inc.,NSDQ,30-09-12,68662,156508,16422
Apple Inc.,NSDQ,30-09-13,64304,170910,19764
Apple Inc.,NSDQ,30-09-14,70537,182795,23313
Apple Inc.,NSDQ,30-09-15,93626,233715,27416
Apple Inc.,NSDQ,30-09-16,84263,215639,31251
Apple Inc.,NSDQ,30-09-17,88186,229234,35867
Apple Inc.,NSDQ,30-09-18,101839,265595,40201
Apple Inc.,NSDQ,31-03-11,10218,24667,12326
Apple Inc.,NSDQ,30-06-11,11922,28571,12715
Apple Inc.,NSDQ,30-09-11,11380,28270,13331
Apple Inc.,NSDQ,31-12-11,20703,46333,13961
Apple Inc.,NSDQ,31-03-12,18564,39186,14850
Apple Inc.,NSDQ,30-06-12,14994,35023,15573
Apple Inc.,NSDQ,30-09-12,14401,35966,16422
Apple Inc.,NSDQ,31-12-12,21060,54512,17167
Apple Inc.,NSDQ,31-03-13,16349,43603,17954
Apple Inc.,NSDQ,30-06-13,13024,35323,19024
Apple Inc.,NSDQ,30-09-13,13871,37472,19764
Apple Inc.,NSDQ,31-12-13,21846,57594,20559
Apple Inc.,NSDQ,31-03-14,17947,45646,21496
Apple Inc.,NSDQ,30-06-14,14735,37432,22139
Apple Inc.,NSDQ,30-09-14,16009,42123,23313
Apple Inc.,NSDQ,31-12-14,29741,74599,24187
Apple Inc.,NSDQ,31-03-15,23656,58010,25376
Apple Inc.,NSDQ,30-06-15,19681,49605,26327
Apple Inc.,NSDQ,30-09-15,20548,51501,27416
Apple Inc.,NSDQ,31-12-15,30423,75872,28253
Apple Inc.,NSDQ,31-03-16,19921,50557,29484
Apple Inc.,NSDQ,30-06-16,16106,42358,30106
Apple Inc.,NSDQ,30-09-16,17813,46852,31251
Apple Inc.,NSDQ,31-12-16,30176,78351,32144
Apple Inc.,NSDQ,31-03-17,20591,52896,33579
Apple Inc.,NSDQ,30-06-17,17488,45408,34445
Apple Inc.,NSDQ,30-09-17,19931,52579,35867
Apple Inc.,NSDQ,31-12-17,33912,88293,36447
Apple Inc.,NSDQ,31-03-18,23422,61137,38044
Apple Inc.,NSDQ,30-06-18,20421,53265,38624
Apple Inc.,NSDQ,30-09-18,24084,62900,40201
Apple Inc.,NSDQ,31-12-18,32031,84310,40970
American Express Company,NYSE,31-12-11,29962,32282,232
American Express Company,NYSE,31-12-12,31555,33781,221
American Express Company,NYSE,31-12-13,32870,34828,213
American Express Company,NYSE,31-12-14,34188,35895,205
American Express Company,NYSE,31-12-15,32818,34441,194
American Express Company,NYSE,31-12-16,35438,37143,181
American Express Company,NYSE,31-12-17,36878,38990,172
American Express Company,NYSE,31-12-18,40338,43281,170
American Express Company,NYSE,31-03-11,7031,7624,240
American Express Company,NYSE,30-06-11,7618,8195,238
American Express Company,NYSE,30-09-11,7571,8146,233
American Express Company,NYSE,31-12-11,7742,8317,232
American Express Company,NYSE,31-03-12,7587,8161,233
American Express Company,NYSE,30-06-12,7965,8515,228
American Express Company,NYSE,30-09-12,7862,8420,224
American Express Company,NYSE,31-12-12,8141,8685,221
American Express Company,NYSE,31-03-13,7881,8400,220
American Express Company,NYSE,30-06-13,8245,8737,217
American Express Company,NYSE,30-09-13,8301,8785,215
American Express Company,NYSE,31-12-13,8443,8906,213
American Express Company,NYSE,31-03-14,8173,8612,212
American Express Company,NYSE,30-06-14,8631,9074,210
American Express Company,NYSE,30-09-14,8303,8723,207
American Express Company,NYSE,31-12-14,9081,9486,205
American Express Company,NYSE,31-03-15,7950,8360,204
American Express Company,NYSE,30-06-15,8284,8698,201
American Express Company,NYSE,30-09-15,8193,8592,197
American Express Company,NYSE,31-12-15,8391,8791,194
American Express Company,NYSE,31-03-16,8088,8513,191
American Express Company,NYSE,30-06-16,8235,8671,185
American Express Company,NYSE,30-09-16,7774,8204,184
American Express Company,NYSE,31-12-16,11341,11755,181
American Express Company,NYSE,31-03-17,8709,9152,179
American Express Company,NYSE,30-06-17,9172,9693,177
American Express Company,NYSE,30-09-17,9290,9858,175
American Express Company,NYSE,31-12-17,9707,10287,172
American Express Company,NYSE,31-03-18,9718,10339,172
American Express Company,NYSE,30-06-18,10002,10713,173
American Express Company,NYSE,30-09-18,10144,10921,171
American Express Company,NYSE,31-12-18,10474,11308,170
The Boeing Company,NYSE,31-12-11,12996,68735,5061
The Boeing Company,NYSE,31-12-12,13142,81698,5061
The Boeing Company,NYSE,31-12-13,13430,86623,5061
The Boeing Company,NYSE,31-12-14,14079,90762,5061
The Boeing Company,NYSE,31-12-15,14090,96114,5061
The Boeing Company,NYSE,31-12-16,14529,93496,5061
The Boeing Company,NYSE,31-12-17,17463,94005,5061
The Boeing Company,NYSE,31-12-18,19706,101127,5061
The Boeing Company,NYSE,31-03-11,2894,14910,5061
The Boeing Company,NYSE,30-06-11,3372,16543,5061
The Boeing Company,NYSE,30-09-11,3402,17727,5061
The Boeing Company,NYSE,31-12-11,3328,19555,5061
The Boeing Company,NYSE,31-03-12,3342,19383,5061
The Boeing Company,NYSE,30-06-12,3284,20005,5061
The Boeing Company,NYSE,30-09-12,3236,20008,5061
The Boeing Company,NYSE,31-12-12,3280,22302,5061
The Boeing Company,NYSE,31-03-13,3156,18893,5061
The Boeing Company,NYSE,30-06-13,3383,21815,5061
The Boeing Company,NYSE,30-09-13,3474,22130,5061
The Boeing Company,NYSE,31-12-13,3417,23785,5061
The Boeing Company,NYSE,31-03-14,3187,20465,5061
The Boeing Company,NYSE,30-06-14,3392,22045,5061
The Boeing Company,NYSE,30-09-14,3727,23784,5061
The Boeing Company,NYSE,31-12-14,3773,24468,5061
The Boeing Company,NYSE,31-03-15,3669,22149,5061
The Boeing Company,NYSE,30-06-15,3210,24543,5061
The Boeing Company,NYSE,30-09-15,4265,25849,5061
The Boeing Company,NYSE,31-12-15,2946,23573,5061
The Boeing Company,NYSE,31-03-16,3551,22632,5061
The Boeing Company,NYSE,30-06-16,2446,24755,5061
The Boeing Company,NYSE,30-09-16,4008,23898,5061
The Boeing Company,NYSE,31-12-16,4524,22211,5061
The Boeing Company,NYSE,31-03-17,3901,21961,5061
The Boeing Company,NYSE,30-06-17,4362,23051,5061
The Boeing Company,NYSE,30-09-17,4294,24223,5061
The Boeing Company,NYSE,31-12-17,4906,24770,5061
The Boeing Company,NYSE,31-03-18,4574,23382,5061
The Boeing Company,NYSE,30-06-18,4739,24258,5061
The Boeing Company,NYSE,30-09-18,4124,25146,5061
The Boeing Company,NYSE,31-12-18,6269,28341,5061
Caterpillar Inc.,NYSE,31-12-11,16560,60138,4273
Caterpillar Inc.,NYSE,31-12-12,18820,65875,4481
Caterpillar Inc.,NYSE,31-12-13,14929,55656,4709
Caterpillar Inc.,NYSE,31-12-14,14466,55184,5016
Caterpillar Inc.,NYSE,31-12-15,13465,47011,5238
Caterpillar Inc.,NYSE,31-12-16,10493,38537,5277
Caterpillar Inc.,NYSE,31-12-17,14202,45462,5593
Caterpillar Inc.,NYSE,31-12-18,17725,54722,5827
Caterpillar Inc.,NYSE,31-03-11,3892,12949,4044
Caterpillar Inc.,NYSE,30-06-11,3927,14230,4165
Caterpillar Inc.,NYSE,30-09-11,4261,15716,4229
Caterpillar Inc.,NYSE,31-12-11,4480,17243,4273
Caterpillar Inc.,NYSE,31-03-12,4744,15981,4351
Caterpillar Inc.,NYSE,30-06-12,5094,17374,4373
Caterpillar Inc.,NYSE,30-09-12,4806,16445,4449
Caterpillar Inc.,NYSE,31-12-12,4176,16075,4481
Caterpillar Inc.,NYSE,31-03-13,3571,13210,4510
Caterpillar Inc.,NYSE,30-06-13,3848,14621,4591
Caterpillar Inc.,NYSE,30-09-13,3649,13423,4657
Caterpillar Inc.,NYSE,31-12-13,3861,14402,4709
Caterpillar Inc.,NYSE,31-03-14,3804,13241,4773
Caterpillar Inc.,NYSE,30-06-14,3953,14150,4890
Caterpillar Inc.,NYSE,30-09-14,3915,13549,4968
Caterpillar Inc.,NYSE,31-12-14,2794,14244,5016
Caterpillar Inc.,NYSE,31-03-15,3942,12702,5101
Caterpillar Inc.,NYSE,30-06-15,3643,12317,5142
Caterpillar Inc.,NYSE,30-09-15,3090,10962,5190
Caterpillar Inc.,NYSE,31-12-15,2790,11030,5238
Caterpillar Inc.,NYSE,31-03-16,2639,9461,5247
Caterpillar Inc.,NYSE,30-06-16,2923,10342,5277
Caterpillar Inc.,NYSE,30-09-16,2633,9160,5266
Caterpillar Inc.,NYSE,31-12-16,2298,9574,5277
Caterpillar Inc.,NYSE,31-03-17,3021,9822,5222
Caterpillar Inc.,NYSE,30-06-17,3515,11331,5316
Caterpillar Inc.,NYSE,30-09-17,3735,11413,5460
Caterpillar Inc.,NYSE,31-12-17,3931,12896,5593
Caterpillar Inc.,NYSE,31-03-18,4293,12859,5640
Caterpillar Inc.,NYSE,30-06-18,4589,14011,5746
Caterpillar Inc.,NYSE,30-09-18,4488,13510,5715
Caterpillar Inc.,NYSE,31-12-18,4355,14342,5827
"Cisco Systems, Inc.",NSDQ,31-07-11,26536,43218,38648
"Cisco Systems, Inc.",NSDQ,31-07-12,28209,46061,39271
"Cisco Systems, Inc.",NSDQ,31-07-13,29440,48607,42297
"Cisco Systems, Inc.",NSDQ,31-07-14,27769,47142,41884
"Cisco Systems, Inc.",NSDQ,31-07-15,29681,49161,43592
"Cisco Systems, Inc.",NSDQ,31-07-16,30960,49247,44516
"Cisco Systems, Inc.",NSDQ,31-07-17,30224,48005,45253
"Cisco Systems, Inc.",NSDQ,31-07-18,30606,49330,42820
"Cisco Systems, Inc.",NSDQ,31-01-11,6261,10407,38302
"Cisco Systems, Inc.",NSDQ,30-04-11,6659,10866,38639
"Cisco Systems, Inc.",NSDQ,31-07-11,6861,11195,38648
"Cisco Systems, Inc.",NSDQ,31-10-11,6890,11256,38297
"Cisco Systems, Inc.",NSDQ,31-01-12,7065,11527,38906
"Cisco Systems, Inc.",NSDQ,30-04-12,7169,11588,39510
"Cisco Systems, Inc.",NSDQ,31-07-12,7085,11690,39271
"Cisco Systems, Inc.",NSDQ,31-10-12,7239,11876,39290
"Cisco Systems, Inc.",NSDQ,31-01-13,7343,12098,39970
"Cisco Systems, Inc.",NSDQ,30-04-13,7511,12216,40431
"Cisco Systems, Inc.",NSDQ,31-07-13,7347,12417,42297
"Cisco Systems, Inc.",NSDQ,31-10-13,7407,12085,42166
"Cisco Systems, Inc.",NSDQ,31-01-14,5951,11155,41438
"Cisco Systems, Inc.",NSDQ,30-04-14,7006,11545,41241
"Cisco Systems, Inc.",NSDQ,31-07-14,7405,12357,41884
"Cisco Systems, Inc.",NSDQ,31-10-14,7333,12245,41984
"Cisco Systems, Inc.",NSDQ,31-01-15,7090,11936,42685
"Cisco Systems, Inc.",NSDQ,30-04-15,7525,12137,43133
"Cisco Systems, Inc.",NSDQ,31-07-15,7733,12843,43592
"Cisco Systems, Inc.",NSDQ,31-10-15,7832,12682,43643
"Cisco Systems, Inc.",NSDQ,31-01-16,7432,11927,43857
"Cisco Systems, Inc.",NSDQ,30-04-16,7721,12000,44137
"Cisco Systems, Inc.",NSDQ,31-07-16,7975,12638,44516
"Cisco Systems, Inc.",NSDQ,31-10-16,7884,12352,44236
"Cisco Systems, Inc.",NSDQ,31-01-17,7276,11580,44585
"Cisco Systems, Inc.",NSDQ,30-04-17,7518,11940,45003
"Cisco Systems, Inc.",NSDQ,31-07-17,7546,12133,45253
"Cisco Systems, Inc.",NSDQ,31-10-17,7427,12136,44872
"Cisco Systems, Inc.",NSDQ,31-01-18,7498,11887,44535
"Cisco Systems, Inc.",NSDQ,30-04-18,7759,12463,43556
"Cisco Systems, Inc.",NSDQ,31-07-18,7922,12844,42820
"Cisco Systems, Inc.",NSDQ,31-10-18,8146,13072,41897
"Cisco Systems, Inc.",NSDQ,31-01-19,7773,12446,41361
Chevron Corporation,NYSE,31-12-11,88155,253706,1832
Chevron Corporation,NYSE,31-12-12,88767,241909,1832
Chevron Corporation,NYSE,31-12-13,81089,228848,1832
Chevron Corporation,NYSE,31-12-14,79759,211970,1832
Chevron Corporation,NYSE,31-12-15,56696,138477,1832
Chevron Corporation,NYSE,31-12-16,43483,114472,1832
Chevron Corporation,NYSE,31-12-17,53626,141722,1832
Chevron Corporation,NYSE,31-12-18,66894,166339,1832
Chevron Corporation,NYSE,31-03-11,20579,60341,1832
Chevron Corporation,NYSE,30-06-11,23346,68948,1832
Chevron Corporation,NYSE,30-09-11,23288,64432,1832
Chevron Corporation,NYSE,31-12-11,20942,59985,1832
Chevron Corporation,NYSE,31-03-12,21800,60705,1832
Chevron Corporation,NYSE,30-06-12,22802,62608,1832
Chevron Corporation,NYSE,30-09-12,20823,58044,1832
Chevron Corporation,NYSE,31-12-12,23342,60552,1832
Chevron Corporation,NYSE,31-03-13,20771,56818,1832
Chevron Corporation,NYSE,30-06-13,19747,57369,1832
Chevron Corporation,NYSE,30-09-13,20315,58503,1832
Chevron Corporation,NYSE,31-12-13,20256,56158,1832
Chevron Corporation,NYSE,31-03-14,19423,53265,1832
Chevron Corporation,NYSE,30-06-14,20927,57938,1832
Chevron Corporation,NYSE,30-09-14,20702,54679,1832
Chevron Corporation,NYSE,31-12-14,18707,46088,1832
Chevron Corporation,NYSE,31-03-15,14247,34558,1832
Chevron Corporation,NYSE,30-06-15,16643,40357,1832
Chevron Corporation,NYSE,30-09-15,13985,34315,1832
Chevron Corporation,NYSE,31-12-15,11821,29247,1832
Chevron Corporation,NYSE,31-03-16,9464,23553,1832
Chevron Corporation,NYSE,30-06-16,11031,29282,1832
Chevron Corporation,NYSE,30-09-16,11336,30140,1832
Chevron Corporation,NYSE,31-12-16,11652,31497,1832
Chevron Corporation,NYSE,31-03-17,13044,33421,1832
Chevron Corporation,NYSE,30-06-17,13090,34480,1832
Chevron Corporation,NYSE,30-09-17,14216,36205,1832
Chevron Corporation,NYSE,31-12-17,13276,37616,1832
Chevron Corporation,NYSE,31-03-18,15187,37764,1832
Chevron Corporation,NYSE,30-06-18,16129,42236,1832
Chevron Corporation,NYSE,30-09-18,18047,43987,1832
Chevron Corporation,NYSE,31-12-18,17531,42352,1832
The Walt Disney Company,NYSE,30-09-11,7781,40893,30296
The Walt Disney Company,NYSE,30-09-12,18810,42278,31731
The Walt Disney Company,NYSE,30-09-13,20007,45041,33440
The Walt Disney Company,NYSE,30-09-14,22393,48813,34301
The Walt Disney Company,NYSE,30-09-15,24101,52465,35122
The Walt Disney Company,NYSE,30-09-16,25639,55632,35859
The Walt Disney Company,NYSE,30-09-17,24831,55137,36248
The Walt Disney Company,NYSE,30-09-18,26708,59434,36779
The Walt Disney Company,NYSE,31-03-11,1528,9077,29938
The Walt Disney Company,NYSE,30-06-11,2446,10675,30159
The Walt Disney Company,NYSE,30-09-11,1867,10425,30296
The Walt Disney Company,NYSE,31-12-11,2192,10779,30525
The Walt Disney Company,NYSE,31-03-12,1687,9629,30948
The Walt Disney Company,NYSE,30-06-12,2960,11088,31427
The Walt Disney Company,NYSE,30-09-12,2024,10782,31731
The Walt Disney Company,NYSE,31-12-12,2092,11341,32662
The Walt Disney Company,NYSE,31-03-13,2195,10554,32929
The Walt Disney Company,NYSE,30-06-13,3004,11578,33245
The Walt Disney Company,NYSE,30-09-13,2159,11568,33440
The Walt Disney Company,NYSE,31-12-13,5244,12309,33679
The Walt Disney Company,NYSE,31-03-14,5677,11649,33942
The Walt Disney Company,NYSE,30-06-14,6102,12466,34123
The Walt Disney Company,NYSE,30-09-14,2396,12389,34301
The Walt Disney Company,NYSE,31-12-14,5735,13391,34488
The Walt Disney Company,NYSE,31-03-15,5771,12461,34720
The Walt Disney Company,NYSE,30-06-15,6438,13101,34930
The Walt Disney Company,NYSE,30-09-15,6157,13512,35122
The Walt Disney Company,NYSE,31-12-15,6621,15244,35249
The Walt Disney Company,NYSE,31-03-16,6105,12969,35448
The Walt Disney Company,NYSE,30-06-16,7076,14277,35683
The Walt Disney Company,NYSE,30-09-16,5837,13142,35859
The Walt Disney Company,NYSE,31-12-16,6378,14784,35906
The Walt Disney Company,NYSE,31-03-17,6367,13336,36100
The Walt Disney Company,NYSE,30-06-17,6521,14238,36119
The Walt Disney Company,NYSE,30-09-17,5565,12779,36248
The Walt Disney Company,NYSE,31-12-17,6622,15351,36254
The Walt Disney Company,NYSE,31-03-18,7015,14548,36411
The Walt Disney Company,NYSE,30-06-18,6880,15228,36574
The Walt Disney Company,NYSE,30-09-18,6191,14307,36779
The Walt Disney Company,NYSE,31-12-18,6302,15303,36799
General Electric Company,NYSE,31-12-11,78264,146542,702
General Electric Company,NYSE,31-12-12,72374,146684,702
General Electric Company,NYSE,31-12-13,33404,113245,702
General Electric Company,NYSE,31-12-14,33480,117184,702
General Electric Company,NYSE,31-12-15,34693,117386,702
General Electric Company,NYSE,31-12-16,31817,119469,702
General Electric Company,NYSE,31-12-17,27360,118243,702
General Electric Company,NYSE,31-12-18,28944,121615,702
General Electric Company,NYSE,31-03-11,21613,38329,702
General Electric Company,NYSE,30-06-11,18206,35623,702
General Electric Company,NYSE,30-09-11,18605,35364,702
General Electric Company,NYSE,31-12-11,19840,37226,702
General Electric Company,NYSE,31-03-12,17211,35080,702
General Electric Company,NYSE,30-06-12,17198,36397,702
General Electric Company,NYSE,30-09-12,17745,36254,702
General Electric Company,NYSE,31-12-12,20220,38953,702
General Electric Company,NYSE,31-03-13,17628,34943,702
General Electric Company,NYSE,30-06-13,16568,35059,702
General Electric Company,NYSE,30-09-13,16206,35661,702
General Electric Company,NYSE,31-12-13,-16998,7582,702
General Electric Company,NYSE,31-03-14,15026,33548,702
General Electric Company,NYSE,30-06-14,12254,32260,702
General Electric Company,NYSE,30-09-14,12367,32107,702
General Electric Company,NYSE,31-12-14,-6167,19269,702
General Electric Company,NYSE,31-03-15,7557,26239,702
General Electric Company,NYSE,30-06-15,8654,29226,702
General Electric Company,NYSE,30-09-15,8173,28028,702
General Electric Company,NYSE,31-12-15,10308,33892,702
General Electric Company,NYSE,31-03-16,7484,27845,702
General Electric Company,NYSE,30-06-16,11111,33494,702
General Electric Company,NYSE,30-09-16,8300,29266,702
General Electric Company,NYSE,31-12-16,4922,28864,702
General Electric Company,NYSE,31-03-17,6651,26881,702
General Electric Company,NYSE,30-06-17,7474,29097,702
General Electric Company,NYSE,30-09-17,6991,30662,702
General Electric Company,NYSE,31-12-17,6244,31603,702
General Electric Company,NYSE,31-03-18,7134,28660,702
General Electric Company,NYSE,30-06-18,7680,30104,702
General Electric Company,NYSE,30-09-18,6727,29573,702
General Electric Company,NYSE,31-12-18,7403,33278,702
"The Goldman Sachs Group, Inc.",NYSE,31-12-11,26348,28811,8
"The Goldman Sachs Group, Inc.",NYSE,31-12-12,31955,34163,8
"The Goldman Sachs Group, Inc.",NYSE,31-12-13,31865,34206,8
"The Goldman Sachs Group, Inc.",NYSE,31-12-14,32027,34528,9
"The Goldman Sachs Group, Inc.",NYSE,31-12-15,31244,33820,9
"The Goldman Sachs Group, Inc.",NYSE,31-12-16,27967,30790,9
"The Goldman Sachs Group, Inc.",NYSE,31-12-17,29854,32730,9
"The Goldman Sachs Group, Inc.",NYSE,31-12-18,33416,36616,9
"The Goldman Sachs Group, Inc.",NYSE,31-03-11,11274,11894,8
"The Goldman Sachs Group, Inc.",NYSE,30-06-11,6666,7281,8
"The Goldman Sachs Group, Inc.",NYSE,30-09-11,2919,3587,8
"The Goldman Sachs Group, Inc.",NYSE,31-12-11,5489,6049,8
"The Goldman Sachs Group, Inc.",NYSE,31-03-12,9382,9949,8
"The Goldman Sachs Group, Inc.",NYSE,30-06-12,6083,6627,8
"The Goldman Sachs Group, Inc.",NYSE,30-09-12,7804,8351,8
"The Goldman Sachs Group, Inc.",NYSE,31-12-12,8686,9236,8
"The Goldman Sachs Group, Inc.",NYSE,31-03-13,9529,10090,8
"The Goldman Sachs Group, Inc.",NYSE,30-06-13,7999,8612,8
"The Goldman Sachs Group, Inc.",NYSE,30-09-13,6149,6722,8
"The Goldman Sachs Group, Inc.",NYSE,31-12-13,8188,8782,8
"The Goldman Sachs Group, Inc.",NYSE,31-03-14,8733,9328,8
"The Goldman Sachs Group, Inc.",NYSE,30-06-14,8512,9125,8
"The Goldman Sachs Group, Inc.",NYSE,30-09-14,7763,8387,9
"The Goldman Sachs Group, Inc.",NYSE,31-12-14,7019,7688,9
"The Goldman Sachs Group, Inc.",NYSE,31-03-15,9979,10617,9
"The Goldman Sachs Group, Inc.",NYSE,30-06-15,8422,9069,9
"The Goldman Sachs Group, Inc.",NYSE,30-09-15,6196,6861,9
"The Goldman Sachs Group, Inc.",NYSE,31-12-15,6647,7273,9
"The Goldman Sachs Group, Inc.",NYSE,31-03-16,5647,6338,9
"The Goldman Sachs Group, Inc.",NYSE,30-06-16,7307,7932,9
"The Goldman Sachs Group, Inc.",NYSE,30-09-16,7555,8168,9
"The Goldman Sachs Group, Inc.",NYSE,31-12-16,7458,8352,9
"The Goldman Sachs Group, Inc.",NYSE,31-03-17,7334,8026,9
"The Goldman Sachs Group, Inc.",NYSE,30-06-17,7146,7887,9
"The Goldman Sachs Group, Inc.",NYSE,30-09-17,7615,8326,9
"The Goldman Sachs Group, Inc.",NYSE,31-12-17,7759,8491,9
"The Goldman Sachs Group, Inc.",NYSE,31-03-18,9192,10036,9
"The Goldman Sachs Group, Inc.",NYSE,30-06-18,8590,9402,9
"The Goldman Sachs Group, Inc.",NYSE,30-09-18,7932,8646,9
"The Goldman Sachs Group, Inc.",NYSE,31-12-18,7702,8532,9
"The Home Depot, Inc.",NYSE,31-01-11,23304,67997,86
"The Home Depot, Inc.",NYSE,31-01-12,24262,70395,87
"The Home Depot, Inc.",NYSE,31-01-13,25842,74754,88
"The Home Depot, Inc.",NYSE,31-01-14,26915,78812,88
"The Home Depot, Inc.",NYSE,31-01-15,28389,83176,88
"The Home Depot, Inc.",NYSE,31-01-16,30265,88519,88
"The Home Depot, Inc.",NYSE,31-01-17,32313,94595,88
"The Home Depot, Inc.",NYSE,31-01-18,34356,100904,89
"The Home Depot, Inc.",NYSE,31-01-19,37160,108203,89
"The Home Depot, Inc.",NYSE,31-01-11,5243,15126,86
"The Home Depot, Inc.",NYSE,30-04-11,5828,16823,86
"The Home Depot, Inc.",NYSE,31-07-11,6876,20232,86
"The Home Depot, Inc.",NYSE,31-10-11,5961,17326,86
"The Home Depot, Inc.",NYSE,31-01-12,5597,16014,87
"The Home Depot, Inc.",NYSE,30-04-12,6183,17808,87
"The Home Depot, Inc.",NYSE,31-07-12,7026,20570,87
"The Home Depot, Inc.",NYSE,31-10-12,6267,18130,88
"The Home Depot, Inc.",NYSE,31-01-13,6366,18246,88
"The Home Depot, Inc.",NYSE,30-04-13,6679,19124,88
"The Home Depot, Inc.",NYSE,31-07-13,7721,22522,88
"The Home Depot, Inc.",NYSE,31-10-13,6798,19470,88
"The Home Depot, Inc.",NYSE,31-01-14,5717,17696,88
"The Home Depot, Inc.",NYSE,30-04-14,6757,19687,88
"The Home Depot, Inc.",NYSE,31-07-14,8007,23811,88
"The Home Depot, Inc.",NYSE,31-10-14,7043,20516,88
"The Home Depot, Inc.",NYSE,31-01-15,6582,19162,88
"The Home Depot, Inc.",NYSE,30-04-15,7179,20891,88
"The Home Depot, Inc.",NYSE,31-07-15,8365,24829,88
"The Home Depot, Inc.",NYSE,31-10-15,7565,21819,88
"The Home Depot, Inc.",NYSE,31-01-16,7156,20980,88
"The Home Depot, Inc.",NYSE,30-04-16,7791,22762,88
"The Home Depot, Inc.",NYSE,31-07-16,8927,26472,88
"The Home Depot, Inc.",NYSE,31-10-16,8042,23154,88
"The Home Depot, Inc.",NYSE,31-01-17,7553,22207,88
"The Home Depot, Inc.",NYSE,30-04-17,8154,23887,89
"The Home Depot, Inc.",NYSE,31-07-17,9461,28108,89
"The Home Depot, Inc.",NYSE,31-10-17,8648,25026,89
"The Home Depot, Inc.",NYSE,31-01-18,8093,23883,89
"The Home Depot, Inc.",NYSE,30-04-18,8617,24947,89
"The Home Depot, Inc.",NYSE,31-07-18,10365,30463,89
"The Home Depot, Inc.",NYSE,31-10-18,9151,26302,89
"The Home Depot, Inc.",NYSE,31-01-19,9027,26491,89
International Business Machines Corporation,NYSE,31-12-11,50138,106916,48129
International Business Machines Corporation,NYSE,31-12-12,50361,102874,50110
International Business Machines Corporation,NYSE,31-12-13,48684,98367,51594
International Business Machines Corporation,NYSE,31-12-14,46407,92793,52666
International Business Machines Corporation,NYSE,31-12-15,40684,81741,53262
International Business Machines Corporation,NYSE,31-12-16,38517,79919,53935
International Business Machines Corporation,NYSE,31-12-17,36943,79139,54566
International Business Machines Corporation,NYSE,31-12-18,36936,79591,55151
International Business Machines Corporation,NYSE,31-03-11,10858,24607,46278
International Business Machines Corporation,NYSE,30-06-11,12384,26666,46975
International Business Machines Corporation,NYSE,30-09-11,12173,26157,47558
International Business Machines Corporation,NYSE,31-12-11,14723,29486,48129
International Business Machines Corporation,NYSE,31-03-12,11119,24673,48800
International Business Machines Corporation,NYSE,30-06-12,12281,25783,49157
International Business Machines Corporation,NYSE,30-09-12,11732,24747,49603
International Business Machines Corporation,NYSE,31-12-12,15229,27671,50110
International Business Machines Corporation,NYSE,31-03-13,10678,23408,50522
International Business Machines Corporation,NYSE,30-06-13,12132,24924,50886
International Business Machines Corporation,NYSE,30-09-13,11430,23338,51203
International Business Machines Corporation,NYSE,31-12-13,14444,26697,51594
International Business Machines Corporation,NYSE,31-03-14,10628,22236,51943
International Business Machines Corporation,NYSE,30-06-14,12043,24047,52163
International Business Machines Corporation,NYSE,30-09-14,10874,22397,52446
International Business Machines Corporation,NYSE,31-12-14,12862,24113,52666
International Business Machines Corporation,NYSE,31-03-15,9452,19590,52928
International Business Machines Corporation,NYSE,30-06-15,10390,20813,53059
International Business Machines Corporation,NYSE,30-09-15,9436,19280,53220
International Business Machines Corporation,NYSE,31-12-15,11406,22058,53262
International Business Machines Corporation,NYSE,31-03-16,8686,18684,53439
International Business Machines Corporation,NYSE,30-06-16,9702,20238,53565
International Business Machines Corporation,NYSE,30-09-16,9013,19226,53759
International Business Machines Corporation,NYSE,31-12-16,11116,21771,53935
International Business Machines Corporation,NYSE,31-03-17,7945,18155,54104
International Business Machines Corporation,NYSE,30-06-17,8968,19289,54235
International Business Machines Corporation,NYSE,30-09-17,8982,19153,54395
International Business Machines Corporation,NYSE,31-12-17,11048,22542,54566
International Business Machines Corporation,NYSE,31-03-18,8246,19072,54712
International Business Machines Corporation,NYSE,30-06-18,9199,20003,54827
International Business Machines Corporation,NYSE,30-09-18,8804,18756,54987
International Business Machines Corporation,NYSE,31-12-18,10687,21760,55151
Intel Corporation,NSDQ,31-12-11,33757,53999,17036
Intel Corporation,NSDQ,31-12-12,33151,53341,19464
Intel Corporation,NSDQ,31-12-13,31521,52708,21536
Intel Corporation,NSDQ,31-12-14,35609,55870,21781
Intel Corporation,NSDQ,31-12-15,34679,55355,23411
Intel Corporation,NSDQ,31-12-16,36233,59387,25373
Intel Corporation,NSDQ,31-12-17,39098,62761,26074
Intel Corporation,NSDQ,31-12-18,43737,70848,25365
Intel Corporation,NSDQ,31-03-11,7885,12847,16271
Intel Corporation,NSDQ,30-06-11,7902,13032,16245
Intel Corporation,NSDQ,30-09-11,9018,14233,16247
Intel Corporation,NSDQ,31-12-11,8952,13887,17036
Intel Corporation,NSDQ,31-03-12,8265,12906,18381
Intel Corporation,NSDQ,30-06-12,8554,13501,18883
Intel Corporation,NSDQ,30-09-12,8515,13457,19278
Intel Corporation,NSDQ,31-12-12,7817,13477,19464
Intel Corporation,NSDQ,31-03-13,7066,12580,20098
Intel Corporation,NSDQ,30-06-13,7470,12811,20678
Intel Corporation,NSDQ,30-09-13,8414,13483,21113
Intel Corporation,NSDQ,31-12-13,8571,13834,21536
Intel Corporation,NSDQ,31-03-14,7613,12764,22166
Intel Corporation,NSDQ,30-06-14,8917,13831,22475
Intel Corporation,NSDQ,30-09-14,9458,14554,21894
Intel Corporation,NSDQ,31-12-14,9621,14721,21781
Intel Corporation,NSDQ,31-03-15,7730,12781,22395
Intel Corporation,NSDQ,30-06-15,8248,13195,22625
Intel Corporation,NSDQ,30-09-15,9111,14465,23001
Intel Corporation,NSDQ,31-12-15,9590,14914,23411
Intel Corporation,NSDQ,31-03-16,8130,13702,24088
Intel Corporation,NSDQ,30-06-16,7973,13533,24317
Intel Corporation,NSDQ,30-09-16,9983,15778,25070
Intel Corporation,NSDQ,31-12-16,10147,16374,25373
Intel Corporation,NSDQ,31-03-17,9160,14796,25890
Intel Corporation,NSDQ,30-06-17,9096,14763,25781
Intel Corporation,NSDQ,30-09-17,10064,16149,26547
Intel Corporation,NSDQ,31-12-17,10778,17053,26074
Intel Corporation,NSDQ,31-03-18,9731,16066,26430
Intel Corporation,NSDQ,30-06-18,10419,16962,25470
Intel Corporation,NSDQ,30-09-18,12360,19163,25492
Intel Corporation,NSDQ,31-12-18,11227,18657,25365
Johnson & Johnson,NYSE,31-12-11,44670,65030,3120
Johnson & Johnson,NYSE,31-12-12,45566,67224,3120
Johnson & Johnson,NYSE,31-12-13,48970,71312,3120
Johnson & Johnson,NYSE,31-12-14,51585,74331,3120
Johnson & Johnson,NYSE,31-12-15,48538,70074,3120
Johnson & Johnson,NYSE,31-12-16,50101,71890,3120
Johnson & Johnson,NYSE,31-12-17,51011,76450,3120
Johnson & Johnson,NYSE,31-12-18,54490,81581,3120
Johnson & Johnson,NYSE,31-03-11,11395,16173,3120
Johnson & Johnson,NYSE,30-06-11,11425,16597,3120
Johnson & Johnson,NYSE,30-09-11,10933,16005,3120
Johnson & Johnson,NYSE,31-12-11,10917,16255,3120
Johnson & Johnson,NYSE,31-03-12,11224,16139,3120
Johnson & Johnson,NYSE,30-06-12,11332,16475,3120
Johnson & Johnson,NYSE,30-09-12,11455,17052,3120
Johnson & Johnson,NYSE,31-12-12,11555,17558,3120
Johnson & Johnson,NYSE,31-03-13,11951,17505,3120
Johnson & Johnson,NYSE,30-06-13,12388,17877,3120
Johnson & Johnson,NYSE,30-09-13,12231,17575,3120
Johnson & Johnson,NYSE,31-12-13,12400,18355,3120
Johnson & Johnson,NYSE,31-03-14,12660,18115,3120
Johnson & Johnson,NYSE,30-06-14,13456,19495,3120
Johnson & Johnson,NYSE,30-09-14,13068,18467,3120
Johnson & Johnson,NYSE,31-12-14,12401,18254,3120
Johnson & Johnson,NYSE,31-03-15,12092,17374,3120
Johnson & Johnson,NYSE,30-06-15,12430,17787,3120
Johnson & Johnson,NYSE,30-09-15,11878,17102,3120
Johnson & Johnson,NYSE,31-12-15,12138,17811,3120
Johnson & Johnson,NYSE,31-03-16,12153,17482,3120
Johnson & Johnson,NYSE,30-06-16,13146,18482,3120
Johnson & Johnson,NYSE,30-09-16,12334,17820,3120
Johnson & Johnson,NYSE,31-12-16,12468,18106,3120
Johnson & Johnson,NYSE,31-03-17,12357,17766,3120
Johnson & Johnson,NYSE,30-06-17,12993,18839,3120
Johnson & Johnson,NYSE,30-09-17,12725,19650,3120
Johnson & Johnson,NYSE,31-12-17,12936,20195,3120
Johnson & Johnson,NYSE,31-03-18,13395,20009,3120
Johnson & Johnson,NYSE,30-06-18,13903,20830,3120
Johnson & Johnson,NYSE,30-09-18,13759,20348,3120
Johnson & Johnson,NYSE,31-12-18,13433,20394,3120
JPMorgan Chase & Co.,NYSE,31-12-11,97234,110838,4105
JPMorgan Chase & Co.,NYSE,31-12-12,97031,108074,4105
JPMorgan Chase & Co.,NYSE,31-12-13,97367,106717,4105
JPMorgan Chase & Co.,NYSE,31-12-14,95112,103009,4105
JPMorgan Chase & Co.,NYSE,31-12-15,93543,101006,4105
JPMorgan Chase & Co.,NYSE,31-12-16,96569,106387,4105
JPMorgan Chase & Co.,NYSE,31-12-17,100705,114980,4105
JPMorgan Chase & Co.,NYSE,31-12-18,109029,131412,4105
JPMorgan Chase & Co.,NYSE,31-03-11,25221,28763,4105
JPMorgan Chase & Co.,NYSE,30-06-11,26779,30575,4105
JPMorgan Chase & Co.,NYSE,30-09-11,23763,27106,4105
JPMorgan Chase & Co.,NYSE,31-12-11,21471,24394,4105
JPMorgan Chase & Co.,NYSE,31-03-12,26052,29087,4105
JPMorgan Chase & Co.,NYSE,30-06-12,22180,25133,4105
JPMorgan Chase & Co.,NYSE,30-09-12,25146,27799,4105
JPMorgan Chase & Co.,NYSE,31-12-12,23653,26055,4105
JPMorgan Chase & Co.,NYSE,31-03-13,25122,27554,4105
JPMorgan Chase & Co.,NYSE,30-06-13,25211,27579,4105
JPMorgan Chase & Co.,NYSE,30-09-13,23117,25408,4105
JPMorgan Chase & Co.,NYSE,31-12-13,23917,26176,4105
JPMorgan Chase & Co.,NYSE,31-03-14,23215,25341,4105
JPMorgan Chase & Co.,NYSE,30-06-14,24678,26741,4105
JPMorgan Chase & Co.,NYSE,30-09-14,24469,26288,4105
JPMorgan Chase & Co.,NYSE,31-12-14,22750,24639,4105
JPMorgan Chase & Co.,NYSE,31-03-15,24066,25954,4105
JPMorgan Chase & Co.,NYSE,30-06-15,23812,25642,4105
JPMorgan Chase & Co.,NYSE,30-09-15,22780,24595,4105
JPMorgan Chase & Co.,NYSE,31-12-15,22885,24815,4105
JPMorgan Chase & Co.,NYSE,31-03-16,23239,25411,4105
JPMorgan Chase & Co.,NYSE,30-06-16,24380,26846,4105
JPMorgan Chase & Co.,NYSE,30-09-16,24673,27140,4105
JPMorgan Chase & Co.,NYSE,31-12-16,24277,26990,4105
JPMorgan Chase & Co.,NYSE,31-03-17,24939,27917,4105
JPMorgan Chase & Co.,NYSE,30-06-17,25731,29173,4105
JPMorgan Chase & Co.,NYSE,30-09-17,25578,29467,4105
JPMorgan Chase & Co.,NYSE,31-12-17,24457,28423,4105
JPMorgan Chase & Co.,NYSE,31-03-18,27907,32290,4105
JPMorgan Chase & Co.,NYSE,30-06-18,27753,33137,4105
JPMorgan Chase & Co.,NYSE,30-09-18,27260,33192,4105
JPMorgan Chase & Co.,NYSE,31-12-18,26109,32793,4105
Coca-Cola Company (The),NYSE,31-12-11,28327,46542,1760
Coca-Cola Company (The),NYSE,31-12-12,28964,48017,1760
Coca-Cola Company (The),NYSE,31-12-13,28433,46854,1760
Coca-Cola Company (The),NYSE,31-12-14,28109,45998,1760
Coca-Cola Company (The),NYSE,31-12-15,26812,44294,1760
Coca-Cola Company (The),NYSE,31-12-16,25398,41863,1760
Coca-Cola Company (The),NYSE,31-12-17,22155,35410,1760
Coca-Cola Company (The),NYSE,31-12-18,20086,31856,1760
Coca-Cola Company (The),NYSE,31-03-11,6569,10517,880
Coca-Cola Company (The),NYSE,30-06-11,7748,12737,880
Coca-Cola Company (The),NYSE,30-09-11,7373,12248,880
Coca-Cola Company (The),NYSE,31-12-11,6637,11040,1760
Coca-Cola Company (The),NYSE,31-03-12,6789,11137,880
Coca-Cola Company (The),NYSE,30-06-12,7861,13085,880
Coca-Cola Company (The),NYSE,30-09-12,7487,12340,1760
Coca-Cola Company (The),NYSE,31-12-12,6827,11455,1760
Coca-Cola Company (The),NYSE,31-03-13,6711,11035,1760
Coca-Cola Company (The),NYSE,30-06-13,7760,12749,1760
Coca-Cola Company (The),NYSE,30-09-13,7237,12030,1760
Coca-Cola Company (The),NYSE,31-12-13,6725,11040,1760
Coca-Cola Company (The),NYSE,31-03-14,6493,10576,1760
Coca-Cola Company (The),NYSE,30-06-14,7755,12574,1760
Coca-Cola Company (The),NYSE,30-09-14,7346,11976,1760
Coca-Cola Company (The),NYSE,31-12-14,6515,10872,1760
Coca-Cola Company (The),NYSE,31-03-15,6608,10711,1760
Coca-Cola Company (The),NYSE,30-06-15,7408,12156,1760
Coca-Cola Company (The),NYSE,30-09-15,6850,11427,1760
Coca-Cola Company (The),NYSE,31-12-15,5946,10000,1760
Coca-Cola Company (The),NYSE,31-03-16,6213,10282,1760
Coca-Cola Company (The),NYSE,30-06-16,7068,11539,1760
Coca-Cola Company (The),NYSE,30-09-16,6502,10633,1760
Coca-Cola Company (The),NYSE,31-12-16,5615,9409,1760
Coca-Cola Company (The),NYSE,31-03-17,5605,9118,1760
Coca-Cola Company (The),NYSE,30-06-17,6043,9702,1760
Coca-Cola Company (The),NYSE,30-09-17,5684,9078,1760
Coca-Cola Company (The),NYSE,31-12-17,4823,7512,1760
Coca-Cola Company (The),NYSE,31-03-18,4888,7626,1760
Coca-Cola Company (The),NYSE,30-06-18,5675,8927,1760
Coca-Cola Company (The),NYSE,30-09-18,5186,8245,1760
Coca-Cola Company (The),NYSE,31-12-18,4337,7058,1760
McDonald's Corporation,NYSE,31-12-11,10686.6,27006,16.6
McDonald's Corporation,NYSE,31-12-12,10816.3,27567,16.6
McDonald's Corporation,NYSE,31-12-13,10902.7,28105.7,16.6
McDonald's Corporation,NYSE,31-12-14,10455.7,27441.3,16.6
McDonald's Corporation,NYSE,31-12-15,9789.2,25413,16.6
McDonald's Corporation,NYSE,31-12-16,10204.7,24621.9,16.6
McDonald's Corporation,NYSE,31-12-17,10620.8,22820.4,16.6
McDonald's Corporation,NYSE,31-12-18,10786,21025.2,16.6
McDonald's Corporation,NYSE,31-03-11,2340.6,6111.6,16.6
McDonald's Corporation,NYSE,30-06-11,2725.6,6905.4,16.6
McDonald's Corporation,NYSE,30-09-11,2906.8,7166.3,16.6
McDonald's Corporation,NYSE,31-12-11,2713.598,6822.699,16.6
McDonald's Corporation,NYSE,31-03-12,2517.5,6546.6,16.6
McDonald's Corporation,NYSE,30-06-12,2715.9,6915.9,16.6
McDonald's Corporation,NYSE,30-09-12,2854.6,7152.4,16.6
McDonald's Corporation,NYSE,31-12-12,2728.3,6952.099,16.6
McDonald's Corporation,NYSE,31-03-13,2484.1,6605.3,16.6
McDonald's Corporation,NYSE,30-06-13,2765.2,7083.8,16.6
McDonald's Corporation,NYSE,30-09-13,2910.6,7323.4,16.6
McDonald's Corporation,NYSE,31-12-13,2742.8,7093.199,16.6
McDonald's Corporation,NYSE,31-03-14,2516.1,6700.3,16.6
McDonald's Corporation,NYSE,30-06-14,2784.3,7181.7,16.6
McDonald's Corporation,NYSE,30-09-14,2681.2,6987.1,16.6
McDonald's Corporation,NYSE,31-12-14,2474.103,6572.201,16.6
McDonald's Corporation,NYSE,31-03-15,2201,5958.9,16.6
McDonald's Corporation,NYSE,30-06-15,2490.4,6497.7,16.6
McDonald's Corporation,NYSE,30-09-15,2591.3,6615.1,16.6
McDonald's Corporation,NYSE,31-12-15,2506.5,6341.3,16.6
McDonald's Corporation,NYSE,31-03-16,2313.5,5903.9,16.6
McDonald's Corporation,NYSE,30-06-16,2586,6265,16.6
McDonald's Corporation,NYSE,30-09-16,2747,6424.1,16.6
McDonald's Corporation,NYSE,31-12-16,2558.201,6028.901,16.6
McDonald's Corporation,NYSE,31-03-17,2429.4,5675.9,16.6
McDonald's Corporation,NYSE,30-06-17,2708.4,6049.7,16.6
McDonald's Corporation,NYSE,30-09-17,2817.5,5754.6,16.6
McDonald's Corporation,NYSE,31-12-17,2665.5,5340.201,16.6
McDonald's Corporation,NYSE,31-03-18,2527.7,5138.9,16.6
McDonald's Corporation,NYSE,30-06-18,2739.5,5353.9,16.6
McDonald's Corporation,NYSE,30-09-18,2822.1,5369.4,16.6
McDonald's Corporation,NYSE,31-12-18,2696.698,5162.999,16.6
3M Company,NYSE,31-12-11,13918,29611,9
3M Company,NYSE,31-12-12,14219,29904,9
3M Company,NYSE,31-12-13,14765,30871,9
3M Company,NYSE,31-12-14,15374,31821,9
3M Company,NYSE,31-12-15,14891,30274,9
3M Company,NYSE,31-12-16,14991,30109,9
3M Company,NYSE,31-12-17,15602,31657,9
3M Company,NYSE,31-12-18,16083,32765,9
3M Company,NYSE,31-03-11,3509,7311,9
3M Company,NYSE,30-06-11,3640,7680,9
3M Company,NYSE,30-09-11,3504,7531,9
3M Company,NYSE,31-12-11,3265,7089,9
3M Company,NYSE,31-03-12,3597,7486,9
3M Company,NYSE,30-06-12,3664,7534,9
3M Company,NYSE,30-09-12,3562,7497,9
3M Company,NYSE,31-12-12,3396,7387,9
3M Company,NYSE,31-03-13,3665,7634,9
3M Company,NYSE,30-06-13,3739,7752,9
3M Company,NYSE,30-09-13,3768,7916,9
3M Company,NYSE,31-12-13,3593,7569,9
3M Company,NYSE,31-03-14,3800,7831,9
3M Company,NYSE,30-06-14,3950,8134,9
3M Company,NYSE,30-09-14,3932,8137,9
3M Company,NYSE,31-12-14,3692,7719,9
3M Company,NYSE,31-03-15,3757,7578,9
3M Company,NYSE,30-06-15,3828,7686,9
3M Company,NYSE,30-09-15,3835,7712,9
3M Company,NYSE,31-12-15,3471,7298,9
3M Company,NYSE,31-03-16,3731,7409,9
3M Company,NYSE,30-06-16,3863,7662,9
3M Company,NYSE,30-09-16,3862,7709,9
3M Company,NYSE,31-12-16,3535,7329,9
3M Company,NYSE,31-03-17,3803,7685,9
3M Company,NYSE,30-06-17,3790,7810,9
3M Company,NYSE,30-09-17,4113,8172,9
3M Company,NYSE,31-12-17,3896,7990,9
3M Company,NYSE,31-03-18,4042,8278,9
3M Company,NYSE,30-06-18,4163,8390,9
3M Company,NYSE,30-09-18,3993,8152,9
3M Company,NYSE,31-12-18,3885,7945,9
"Merck & Co., Inc.",NYSE,31-12-11,31176,48047,1788
"Merck & Co., Inc.",NYSE,31-12-12,30821,47267,1788
"Merck & Co., Inc.",NYSE,31-12-13,27079,44033,1788
"Merck & Co., Inc.",NYSE,31-12-14,25469,42237,1788
"Merck & Co., Inc.",NYSE,31-12-15,24564,39498,1788
"Merck & Co., Inc.",NYSE,31-12-16,25777,39807,1788
"Merck & Co., Inc.",NYSE,31-12-17,27210,40122,1788
"Merck & Co., Inc.",NYSE,31-12-18,28785,42294,1788
"Merck & Co., Inc.",NYSE,31-03-11,7521,11580,1788
"Merck & Co., Inc.",NYSE,30-06-11,7867,12151,1788
"Merck & Co., Inc.",NYSE,30-09-11,7670,12022,1788
"Merck & Co., Inc.",NYSE,31-12-11,8118,12294,1788
"Merck & Co., Inc.",NYSE,31-03-12,7694,11731,1788
"Merck & Co., Inc.",NYSE,30-06-12,8199,12311,1788
"Merck & Co., Inc.",NYSE,30-09-12,7351,11488,1788
"Merck & Co., Inc.",NYSE,31-12-12,7577,11737,1788
"Merck & Co., Inc.",NYSE,31-03-13,6712,10671,1788
"Merck & Co., Inc.",NYSE,30-06-13,6726,11010,1788
"Merck & Co., Inc.",NYSE,30-09-13,6928,11032,1788
"Merck & Co., Inc.",NYSE,31-12-13,6713,11320,1788
"Merck & Co., Inc.",NYSE,31-03-14,6361,10264,1788
"Merck & Co., Inc.",NYSE,30-06-14,6041,10934,1788
"Merck & Co., Inc.",NYSE,30-09-14,6334,10557,1788
"Merck & Co., Inc.",NYSE,31-12-14,6733,10482,1788
"Merck & Co., Inc.",NYSE,31-03-15,5856,9425,1788
"Merck & Co., Inc.",NYSE,30-06-15,6031,9785,1788
"Merck & Co., Inc.",NYSE,30-09-15,6312,10073,1788
"Merck & Co., Inc.",NYSE,31-12-15,6365,10215,1788
"Merck & Co., Inc.",NYSE,31-03-16,5740,9312,1788
"Merck & Co., Inc.",NYSE,30-06-16,6266,9844,1788
"Merck & Co., Inc.",NYSE,30-09-16,7127,10536,1788
"Merck & Co., Inc.",NYSE,31-12-16,6644,10115,1788
"Merck & Co., Inc.",NYSE,31-03-17,6385,9434,1788
"Merck & Co., Inc.",NYSE,30-06-17,6814,9930,1788
"Merck & Co., Inc.",NYSE,30-09-17,7018,10325,1788
"Merck & Co., Inc.",NYSE,31-12-17,6993,10433,1788
"Merck & Co., Inc.",NYSE,31-03-18,6853,10037,1788
"Merck & Co., Inc.",NYSE,30-06-18,7048,10465,1788
"Merck & Co., Inc.",NYSE,30-09-18,7175,10794,1788
"Merck & Co., Inc.",NYSE,31-12-18,7709,10998,1788
Microsoft Corporation,NSDQ,30-06-11,54366,69943,63415
Microsoft Corporation,NSDQ,30-06-12,56193,73723,65797
Microsoft Corporation,NSDQ,30-06-13,57464,77849,67306
Microsoft Corporation,NSDQ,30-06-14,59755,86833,68366
Microsoft Corporation,NSDQ,30-06-15,60542,93580,68465
Microsoft Corporation,NSDQ,30-06-16,58374,91154,68178
Microsoft Corporation,NSDQ,30-06-17,62310,96571,69315
Microsoft Corporation,NSDQ,30-06-18,72007,110360,71223
Microsoft Corporation,NSDQ,31-03-11,12531,16428,63234
Microsoft Corporation,NSDQ,30-06-11,13659,17367,63415
Microsoft Corporation,NSDQ,30-09-11,13595,17372,63492
Microsoft Corporation,NSDQ,31-12-11,15247,20885,63902
Microsoft Corporation,NSDQ,31-03-12,13455,17407,65273
Microsoft Corporation,NSDQ,30-06-12,13896,18059,65797
Microsoft Corporation,NSDQ,30-09-12,11840,16008,66084
Microsoft Corporation,NSDQ,31-12-12,15764,21456,66334
Microsoft Corporation,NSDQ,31-03-13,15702,20489,66826
Microsoft Corporation,NSDQ,30-06-13,14158,19896,67306
Microsoft Corporation,NSDQ,30-09-13,13384,18529,67230
Microsoft Corporation,NSDQ,31-12-13,16197,24519,67476
Microsoft Corporation,NSDQ,31-03-14,14425,20403,67803
Microsoft Corporation,NSDQ,30-06-14,15749,23382,68366
Microsoft Corporation,NSDQ,30-09-14,14928,23201,68362
Microsoft Corporation,NSDQ,31-12-14,16334,26470,68765
Microsoft Corporation,NSDQ,31-03-15,14568,21729,68475
Microsoft Corporation,NSDQ,30-06-15,14712,22180,68465
Microsoft Corporation,NSDQ,30-09-15,13172,20379,68093
Microsoft Corporation,NSDQ,31-12-15,13924,23796,68279
Microsoft Corporation,NSDQ,31-03-16,12809,20531,68012
Microsoft Corporation,NSDQ,30-06-16,18469,26448,68178
Microsoft Corporation,NSDQ,30-09-16,14084,21928,67747
Microsoft Corporation,NSDQ,31-12-16,15925,25826,68177
Microsoft Corporation,NSDQ,31-03-17,15152,23212,68554
Microsoft Corporation,NSDQ,30-06-17,17149,25605,69315
Microsoft Corporation,NSDQ,30-09-17,16260,24538,69419
Microsoft Corporation,NSDQ,31-12-17,17854,28918,70192
Microsoft Corporation,NSDQ,31-03-18,17550,26819,70418
Microsoft Corporation,NSDQ,30-06-18,20343,30085,71223
Microsoft Corporation,NSDQ,30-09-18,19179,29084,71303
Microsoft Corporation,NSDQ,31-12-18,20048,32471,77556
"NIKE, Inc.",NYSE,31-05-11,9202,20117,3
"NIKE, Inc.",NYSE,31-05-12,10148,23331,3
"NIKE, Inc.",NYSE,31-05-13,11034,25313,3
"NIKE, Inc.",NYSE,31-05-14,12446,27799,3
"NIKE, Inc.",NYSE,31-05-15,14067,30601,3
"NIKE, Inc.",NYSE,31-05-16,14971,32376,3
"NIKE, Inc.",NYSE,31-05-17,15312,34350,3
"NIKE, Inc.",NYSE,31-05-18,15956,36397,3
"NIKE, Inc.",NYSE,28-02-11,2327,5079,3
"NIKE, Inc.",NYSE,31-05-11,2248,5021,3
"NIKE, Inc.",NYSE,31-08-11,2693,6081,3
"NIKE, Inc.",NYSE,30-11-11,2376,5546,3
"NIKE, Inc.",NYSE,29-02-12,2485,5656,3
"NIKE, Inc.",NYSE,31-05-12,2594,6048,3
"NIKE, Inc.",NYSE,31-08-12,2828,6474,3
"NIKE, Inc.",NYSE,30-11-12,2530,5955,3
"NIKE, Inc.",NYSE,28-02-13,2736,6187,3
"NIKE, Inc.",NYSE,31-05-13,2940,6697,3
"NIKE, Inc.",NYSE,31-08-13,3132,6971,3
"NIKE, Inc.",NYSE,30-11-13,2826,6431,3
"NIKE, Inc.",NYSE,28-02-14,3103,6972,3
"NIKE, Inc.",NYSE,31-05-14,3385,7425,3
"NIKE, Inc.",NYSE,31-08-14,3721,7982,3
"NIKE, Inc.",NYSE,30-11-14,3327,7380,3
"NIKE, Inc.",NYSE,28-02-15,3426,7460,3
"NIKE, Inc.",NYSE,31-05-15,3593,7779,3
"NIKE, Inc.",NYSE,31-08-15,3995,8414,3
"NIKE, Inc.",NYSE,30-11-15,3501,7686,3
"NIKE, Inc.",NYSE,29-02-16,3689,8032,3
"NIKE, Inc.",NYSE,31-05-16,3786,8244,3
"NIKE, Inc.",NYSE,31-08-16,4123,9061,3
"NIKE, Inc.",NYSE,30-11-16,3616,8180,3
"NIKE, Inc.",NYSE,28-02-17,3750,8432,3
"NIKE, Inc.",NYSE,31-05-17,3823,8677,3
"NIKE, Inc.",NYSE,31-08-17,3962,9070,3
"NIKE, Inc.",NYSE,30-11-17,3678,8554,3
"NIKE, Inc.",NYSE,28-02-18,3938,8984,3
"NIKE, Inc.",NYSE,31-05-18,4378,9789,3
"NIKE, Inc.",NYSE,31-08-18,4397,9948,3
"NIKE, Inc.",NYSE,30-11-18,4105,9374,3
"NIKE, Inc.",NYSE,28-02-19,4339,9611,
Pfizer Inc.,NYSE,31-12-11,48535,61035,
Pfizer Inc.,NYSE,31-12-12,44836,54657,
Pfizer Inc.,NYSE,31-12-13,41998,51584,
Pfizer Inc.,NYSE,31-12-14,40028,49605,
Pfizer Inc.,NYSE,31-12-15,39203,48851,
Pfizer Inc.,NYSE,31-12-16,40502,52824,
Pfizer Inc.,NYSE,31-12-17,41318,52546,
Pfizer Inc.,NYSE,31-12-18,42399,53647,
Pfizer Inc.,NYSE,31-03-11,12809,16502,
Pfizer Inc.,NYSE,30-06-11,12914,16485,
Pfizer Inc.,NYSE,30-09-11,13200,16609,
Pfizer Inc.,NYSE,31-12-11,9612,11439,
Pfizer Inc.,NYSE,31-03-12,12140,14885,
Pfizer Inc.,NYSE,30-06-12,11592,13968,
Pfizer Inc.,NYSE,30-09-12,10644,12953,
Pfizer Inc.,NYSE,31-12-12,10460,12851,
Pfizer Inc.,NYSE,31-03-13,10147,12410,
Pfizer Inc.,NYSE,30-06-13,10731,12973,
Pfizer Inc.,NYSE,30-09-13,10356,12643,
Pfizer Inc.,NYSE,31-12-13,10764,13558,
Pfizer Inc.,NYSE,31-03-14,9308,11353,
Pfizer Inc.,NYSE,30-06-14,10311,12773,
Pfizer Inc.,NYSE,30-09-14,9993,12361,
Pfizer Inc.,NYSE,31-12-14,10416,13118,
Pfizer Inc.,NYSE,31-03-15,9026,10864,
Pfizer Inc.,NYSE,30-06-15,9673,11853,
Pfizer Inc.,NYSE,30-09-15,9868,12087,
Pfizer Inc.,NYSE,31-12-15,10636,14047,
Pfizer Inc.,NYSE,31-03-16,10154,13005,
Pfizer Inc.,NYSE,30-06-16,9973,13147,
Pfizer Inc.,NYSE,30-09-16,9960,13045,
Pfizer Inc.,NYSE,31-12-16,10415,13627,
Pfizer Inc.,NYSE,31-03-17,10311,12779,
Pfizer Inc.,NYSE,30-06-17,10236,12896,
Pfizer Inc.,NYSE,30-09-17,10324,13168,
Pfizer Inc.,NYSE,31-12-17,10447,13703,
Pfizer Inc.,NYSE,31-03-18,10343,12906,
Pfizer Inc.,NYSE,30-06-18,10550,13466,
Pfizer Inc.,NYSE,30-09-18,10604,13298,
Pfizer Inc.,NYSE,31-12-18,10902,13977,
Procter & Gamble Company (The),NYSE,30-06-11,41245,81104,
Procter & Gamble Company (The),NYSE,30-06-12,40595,82006,
Procter & Gamble Company (The),NYSE,30-06-13,40125,80116,
Procter & Gamble Company (The),NYSE,30-06-14,35371,74401,
Procter & Gamble Company (The),NYSE,30-06-15,33693,70749,
Procter & Gamble Company (The),NYSE,30-06-16,32390,65299,
Procter & Gamble Company (The),NYSE,30-06-17,32523,65058,
Procter & Gamble Company (The),NYSE,30-06-18,32564,66832,
Procter & Gamble Company (The),NYSE,31-03-11,10104,19893,
Procter & Gamble Company (The),NYSE,30-06-11,9648,19742,
Procter & Gamble Company (The),NYSE,30-09-11,10724,21530,
Procter & Gamble Company (The),NYSE,31-12-11,10893,21744,
Procter & Gamble Company (The),NYSE,31-03-12,9957,20194,
Procter & Gamble Company (The),NYSE,30-06-12,9021,18538,
Procter & Gamble Company (The),NYSE,30-09-12,10389,20739,
Procter & Gamble Company (The),NYSE,31-12-12,11295,22175,
Procter & Gamble Company (The),NYSE,31-03-13,10254,20598,
Procter & Gamble Company (The),NYSE,30-06-13,9720,20297,
Procter & Gamble Company (The),NYSE,30-09-13,10256,20830,
Procter & Gamble Company (The),NYSE,31-12-13,10625,21099,
Procter & Gamble Company (The),NYSE,31-03-14,9601,19641,
Procter & Gamble Company (The),NYSE,30-06-14,4889,12831,
Procter & Gamble Company (The),NYSE,30-09-14,9037,18771,
Procter & Gamble Company (The),NYSE,31-12-14,8937,18495,
Procter & Gamble Company (The),NYSE,31-03-15,8003,16930,
Procter & Gamble Company (The),NYSE,30-06-15,8533,17790,
Procter & Gamble Company (The),NYSE,30-09-15,8375,16527,
Procter & Gamble Company (The),NYSE,31-12-15,8455,16915,
Procter & Gamble Company (The),NYSE,31-03-16,7840,15755,
Procter & Gamble Company (The),NYSE,30-06-16,7720,16102,
Procter & Gamble Company (The),NYSE,30-09-16,8416,16518,
Procter & Gamble Company (The),NYSE,31-12-16,8558,16856,
Procter & Gamble Company (The),NYSE,31-03-17,7769,15605,
Procter & Gamble Company (The),NYSE,30-06-17,7780,16079,
Procter & Gamble Company (The),NYSE,30-09-17,8384,16653,
Procter & Gamble Company (The),NYSE,31-12-17,8686,17395,
Procter & Gamble Company (The),NYSE,31-03-18,7938,16281,
Procter & Gamble Company (The),NYSE,30-06-18,7556,16503,
Procter & Gamble Company (The),NYSE,30-09-18,8206,16690,
Procter & Gamble Company (The),NYSE,31-12-18,8519,17438,
"The Travelers Companies, Inc.",NYSE,31-12-11,9170,25446,
"The Travelers Companies, Inc.",NYSE,31-12-12,11064,25740,
"The Travelers Companies, Inc.",NYSE,31-12-13,12884,26191,
"The Travelers Companies, Inc.",NYSE,31-12-14,13304,27174,
"The Travelers Companies, Inc.",NYSE,31-12-15,13092,26815,
"The Travelers Companies, Inc.",NYSE,31-12-16,12555,27625,
"The Travelers Companies, Inc.",NYSE,31-12-17,11435,28902,
"The Travelers Companies, Inc.",NYSE,31-12-18,11991,30282,
"The Travelers Companies, Inc.",NYSE,31-03-11,2896,6278,
"The Travelers Companies, Inc.",NYSE,30-06-11,1247,6388,
"The Travelers Companies, Inc.",NYSE,30-09-11,2271,6407,
"The Travelers Companies, Inc.",NYSE,31-12-11,2756,6373,
"The Travelers Companies, Inc.",NYSE,31-03-12,3028,6392,
"The Travelers Companies, Inc.",NYSE,30-06-12,2573,6359,
"The Travelers Companies, Inc.",NYSE,30-09-12,3153,6512,
"The Travelers Companies, Inc.",NYSE,31-12-12,2310,6477,
"The Travelers Companies, Inc.",NYSE,31-03-13,3175,6328,
"The Travelers Companies, Inc.",NYSE,30-06-13,3144,6674,
"The Travelers Companies, Inc.",NYSE,30-09-13,3155,6452,
"The Travelers Companies, Inc.",NYSE,31-12-13,3410,6737,
"The Travelers Companies, Inc.",NYSE,31-03-14,3393,6708,
"The Travelers Companies, Inc.",NYSE,30-06-14,2959,6785,
"The Travelers Companies, Inc.",NYSE,30-09-14,3366,6886,
"The Travelers Companies, Inc.",NYSE,31-12-14,3586,6795,
"The Travelers Companies, Inc.",NYSE,31-03-15,3198,6629,
"The Travelers Companies, Inc.",NYSE,30-06-15,3163,6710,
"The Travelers Companies, Inc.",NYSE,30-09-15,3416,6798,
"The Travelers Companies, Inc.",NYSE,31-12-15,3315,6678,
"The Travelers Companies, Inc.",NYSE,31-03-16,2974,6686,
"The Travelers Companies, Inc.",NYSE,30-06-16,3023,6785,
"The Travelers Companies, Inc.",NYSE,30-09-16,3105,6961,
"The Travelers Companies, Inc.",NYSE,31-12-16,3453,7193,
"The Travelers Companies, Inc.",NYSE,31-03-17,2848,6942,
"The Travelers Companies, Inc.",NYSE,30-06-17,2959,7184,
"The Travelers Companies, Inc.",NYSE,30-09-17,2519,7325,
"The Travelers Companies, Inc.",NYSE,31-12-17,3109,7451,
"The Travelers Companies, Inc.",NYSE,31-03-18,2990,7286,
"The Travelers Companies, Inc.",NYSE,30-06-18,2915,7477,
"The Travelers Companies, Inc.",NYSE,30-09-18,3068,7723,
"The Travelers Companies, Inc.",NYSE,31-12-18,3018,7796,
UnitedHealth Group Incorporated,NYSE,31-12-11,25145,101862,
UnitedHealth Group Incorporated,NYSE,31-12-12,27869,110618,
UnitedHealth Group Incorporated,NYSE,31-12-13,29939,122489,
UnitedHealth Group Incorporated,NYSE,31-12-14,33015,130474,
UnitedHealth Group Incorporated,NYSE,31-12-15,37026,157107,
UnitedHealth Group Incorporated,NYSE,31-12-16,43386,184840,
UnitedHealth Group Incorporated,NYSE,31-12-17,47011,201159,
UnitedHealth Group Incorporated,NYSE,31-12-18,53846,226247,
UnitedHealth Group Incorporated,NYSE,31-03-11,6108,25432,
UnitedHealth Group Incorporated,NYSE,30-06-11,6102,25234,
UnitedHealth Group Incorporated,NYSE,30-09-11,6263,25280,
UnitedHealth Group Incorporated,NYSE,31-12-11,6672,25916,
UnitedHealth Group Incorporated,NYSE,31-03-12,6709,27282,
UnitedHealth Group Incorporated,NYSE,30-06-12,6632,27265,
UnitedHealth Group Incorporated,NYSE,30-09-12,7204,27302,
UnitedHealth Group Incorporated,NYSE,31-12-12,7324,28769,
UnitedHealth Group Incorporated,NYSE,31-03-13,7089,30340,
UnitedHealth Group Incorporated,NYSE,30-06-13,7566,30408,
UnitedHealth Group Incorporated,NYSE,30-09-13,7849,30624,
UnitedHealth Group Incorporated,NYSE,31-12-13,7435,31117,
UnitedHealth Group Incorporated,NYSE,31-03-14,7608,31708,
UnitedHealth Group Incorporated,NYSE,30-06-14,8122,32574,
UnitedHealth Group Incorporated,NYSE,30-09-14,8712,32759,
UnitedHealth Group Incorporated,NYSE,31-12-14,8573,33433,
UnitedHealth Group Incorporated,NYSE,31-03-15,8852,35756,
UnitedHealth Group Incorporated,NYSE,30-06-15,9012,36263,
UnitedHealth Group Incorporated,NYSE,30-09-15,9648,41489,
UnitedHealth Group Incorporated,NYSE,31-12-15,9514,43599,
UnitedHealth Group Incorporated,NYSE,31-03-16,10220,44527,
UnitedHealth Group Incorporated,NYSE,30-06-16,10507,46485,
UnitedHealth Group Incorporated,NYSE,30-09-16,11128,46293,
UnitedHealth Group Incorporated,NYSE,31-12-16,11531,47535,
UnitedHealth Group Incorporated,NYSE,31-03-17,10968,48723,
UnitedHealth Group Incorporated,NYSE,30-06-17,11615,50053,
UnitedHealth Group Incorporated,NYSE,30-09-17,12053,50322,
UnitedHealth Group Incorporated,NYSE,31-12-17,12375,52061,
UnitedHealth Group Incorporated,NYSE,31-03-18,13141,55188,
UnitedHealth Group Incorporated,NYSE,30-06-18,13188,56086,
UnitedHealth Group Incorporated,NYSE,30-09-18,13680,56556,
UnitedHealth Group Incorporated,NYSE,31-12-18,13837,58417,
United Technologies Corporation,NYSE,31-12-11,15385,55754,
United Technologies Corporation,NYSE,31-12-12,15555,57708,
United Technologies Corporation,NYSE,31-12-13,16132,56600,
United Technologies Corporation,NYSE,31-12-14,17002,57900,
United Technologies Corporation,NYSE,31-12-15,15667,56098,
United Technologies Corporation,NYSE,31-12-16,15773,57244,
United Technologies Corporation,NYSE,31-12-17,15636,59837,
United Technologies Corporation,NYSE,31-12-18,16516,66501,
United Technologies Corporation,NYSE,31-03-11,3516,12680,
United Technologies Corporation,NYSE,30-06-11,4001,14469,
United Technologies Corporation,NYSE,30-09-11,3897,14235,
United Technologies Corporation,NYSE,31-12-11,3971,14370,
United Technologies Corporation,NYSE,31-03-12,3486,12416,
United Technologies Corporation,NYSE,30-06-12,3873,13807,
United Technologies Corporation,NYSE,30-09-12,4039,15042,
United Technologies Corporation,NYSE,31-12-12,4157,16443,
United Technologies Corporation,NYSE,31-03-13,3934,14399,
United Technologies Corporation,NYSE,30-06-13,4454,16006,
United Technologies Corporation,NYSE,30-09-13,4442,15462,
United Technologies Corporation,NYSE,31-12-13,3302,10733,
United Technologies Corporation,NYSE,31-03-14,4055,14745,
United Technologies Corporation,NYSE,30-06-14,4260,17191,
United Technologies Corporation,NYSE,30-09-14,4448,14613,
United Technologies Corporation,NYSE,31-12-14,4239,11351,
United Technologies Corporation,NYSE,31-03-15,3814,13320,
United Technologies Corporation,NYSE,30-06-15,4218,14690,
United Technologies Corporation,NYSE,30-09-15,3988,13788,
United Technologies Corporation,NYSE,31-12-15,3647,14300,
United Technologies Corporation,NYSE,31-03-16,3703,13357,
United Technologies Corporation,NYSE,30-06-16,4133,14874,
United Technologies Corporation,NYSE,30-09-16,4012,14354,
United Technologies Corporation,NYSE,31-12-16,3925,14659,
United Technologies Corporation,NYSE,31-03-17,3679,13815,
United Technologies Corporation,NYSE,30-06-17,4116,15280,
United Technologies Corporation,NYSE,30-09-17,3956,15062,
United Technologies Corporation,NYSE,31-12-17,3885,15680,
United Technologies Corporation,NYSE,31-03-18,3962,15242,
United Technologies Corporation,NYSE,30-06-18,4283,16705,
United Technologies Corporation,NYSE,30-09-18,3974,16510,
United Technologies Corporation,NYSE,31-12-18,4297,18044,
Visa Inc.,NYSE,30-09-11,9188,9188,
Visa Inc.,NYSE,30-09-12,10421,10421,
Visa Inc.,NYSE,30-09-13,11778,11778,
Visa Inc.,NYSE,30-09-14,12702,12702,
Visa Inc.,NYSE,30-09-15,13880,13880,
Visa Inc.,NYSE,30-09-16,15082,15082,
Visa Inc.,NYSE,30-09-17,18358,18358,
Visa Inc.,NYSE,30-09-18,20609,20609,
Visa Inc.,NYSE,31-03-11,2245,2245,
Visa Inc.,NYSE,30-06-11,2322,2322,
Visa Inc.,NYSE,30-09-11,2383,2383,
Visa Inc.,NYSE,31-12-11,2547,2547,
Visa Inc.,NYSE,31-03-12,2578,2578,
Visa Inc.,NYSE,30-06-12,2565,2565,
Visa Inc.,NYSE,30-09-12,2731,2731,
Visa Inc.,NYSE,31-12-12,2846,2846,
Visa Inc.,NYSE,31-03-13,2958,2958,
Visa Inc.,NYSE,30-06-13,3001,3001,
Visa Inc.,NYSE,30-09-13,2973,2973,
Visa Inc.,NYSE,31-12-13,3155,3155,
Visa Inc.,NYSE,31-03-14,3163,3163,
Visa Inc.,NYSE,30-06-14,3155,3155,
Visa Inc.,NYSE,30-09-14,3229,3229,
Visa Inc.,NYSE,31-12-14,3382,3382,
Visa Inc.,NYSE,31-03-15,3409,3409,
Visa Inc.,NYSE,30-06-15,3518,3518,
Visa Inc.,NYSE,30-09-15,3571,3571,
Visa Inc.,NYSE,31-12-15,3565,3565,
Visa Inc.,NYSE,31-03-16,3626,3626,
Visa Inc.,NYSE,30-06-16,3630,3630,
Visa Inc.,NYSE,30-09-16,4261,4261,
Visa Inc.,NYSE,31-12-16,4461,4461,
Visa Inc.,NYSE,31-03-17,4477,4477,
Visa Inc.,NYSE,30-06-17,4565,4565,
Visa Inc.,NYSE,30-09-17,4855,4855,
Visa Inc.,NYSE,31-12-17,4862,4862,
Visa Inc.,NYSE,31-03-18,5073,5073,
Visa Inc.,NYSE,30-06-18,5240,5240,
Visa Inc.,NYSE,30-09-18,5434,5434,
Visa Inc.,NYSE,31-12-18,5506,5506,
Verizon Communications Inc.,NYSE,31-12-11,65000,110875,
Verizon Communications Inc.,NYSE,31-12-12,69571,115846,
Verizon Communications Inc.,NYSE,31-12-13,75663,120550,
Verizon Communications Inc.,NYSE,31-12-14,77148,127079,
Verizon Communications Inc.,NYSE,31-12-15,79063,131620,
Verizon Communications Inc.,NYSE,31-12-16,73279,125980,
Verizon Communications Inc.,NYSE,31-12-17,72971,126034,
Verizon Communications Inc.,NYSE,31-12-18,75355,130863,
Verizon Communications Inc.,NYSE,31-03-11,15761,26990,
Verizon Communications Inc.,NYSE,30-06-11,16378,27536,
Verizon Communications Inc.,NYSE,30-09-11,16515,27913,
Verizon Communications Inc.,NYSE,31-12-11,16346,28436,
Verizon Communications Inc.,NYSE,31-03-12,16923,28242,
Verizon Communications Inc.,NYSE,30-06-12,17656,28552,
Verizon Communications Inc.,NYSE,30-09-12,18016,29007,
Verizon Communications Inc.,NYSE,31-12-12,16976,30045,
Verizon Communications Inc.,NYSE,31-03-13,18488,29420,
Verizon Communications Inc.,NYSE,30-06-13,18753,29786,
Verizon Communications Inc.,NYSE,30-09-13,19319,30279,
Verizon Communications Inc.,NYSE,31-12-13,19103,31065,
Verizon Communications Inc.,NYSE,31-03-14,19629,30818,
Verizon Communications Inc.,NYSE,30-06-14,19396,31483,
Verizon Communications Inc.,NYSE,30-09-14,19334,31586,
Verizon Communications Inc.,NYSE,31-12-14,18789,33192,
Verizon Communications Inc.,NYSE,31-03-15,19888,31984,
Verizon Communications Inc.,NYSE,30-06-15,19775,32224,
Verizon Communications Inc.,NYSE,30-09-15,19853,33158,
Verizon Communications Inc.,NYSE,31-12-15,19547,34254,
Verizon Communications Inc.,NYSE,31-03-16,19559,32171,
Verizon Communications Inc.,NYSE,30-06-16,18311,30532,
Verizon Communications Inc.,NYSE,30-09-16,18708,30937,
Verizon Communications Inc.,NYSE,31-12-16,16701,32340,
Verizon Communications Inc.,NYSE,31-03-17,17767,29814,
Verizon Communications Inc.,NYSE,30-06-17,18064,30548,
Verizon Communications Inc.,NYSE,30-09-17,18743,31717,
Verizon Communications Inc.,NYSE,31-12-17,18397,33955,
Verizon Communications Inc.,NYSE,31-03-18,18517,31772,
Verizon Communications Inc.,NYSE,30-06-18,18572,32203,
Verizon Communications Inc.,NYSE,30-09-18,19276,32607,
Verizon Communications Inc.,NYSE,31-12-18,18990,34281,
Walmart Inc.,NYSE,31-01-11,106903,421849,
Walmart Inc.,NYSE,31-01-12,111516,446509,
Walmart Inc.,NYSE,31-01-13,116354,468651,
Walmart Inc.,NYSE,31-01-14,118225,476294,
Walmart Inc.,NYSE,31-01-15,120565,485651,
Walmart Inc.,NYSE,31-01-16,121146,482130,
Walmart Inc.,NYSE,31-01-17,124617,485873,
Walmart Inc.,NYSE,31-01-18,126947,500343,
Walmart Inc.,NYSE,31-01-19,129104,514405,
Walmart Inc.,NYSE,31-01-11,29289,116360,
Walmart Inc.,NYSE,30-04-11,26012,104189,
Walmart Inc.,NYSE,31-07-11,27596,109366,
Walmart Inc.,NYSE,31-10-11,27635,110226,
Walmart Inc.,NYSE,31-01-12,30273,122728,
Walmart Inc.,NYSE,30-04-12,27832,113010,
Walmart Inc.,NYSE,31-07-12,28639,114282,
Walmart Inc.,NYSE,31-10-12,28330,113800,
Walmart Inc.,NYSE,31-01-13,31553,127559,
Walmart Inc.,NYSE,30-04-13,28079,114070,
Walmart Inc.,NYSE,31-07-13,29410,116830,
Walmart Inc.,NYSE,31-10-13,29001,115688,
Walmart Inc.,NYSE,31-01-14,31735,129706,
Walmart Inc.,NYSE,30-04-14,28246,114960,
Walmart Inc.,NYSE,31-07-14,30115,120125,
Walmart Inc.,NYSE,31-10-14,29754,119001,
Walmart Inc.,NYSE,31-01-15,32450,131565,
Walmart Inc.,NYSE,30-04-15,28343,114826,
Walmart Inc.,NYSE,31-07-15,30173,120229,
Walmart Inc.,NYSE,31-10-15,29962,117408,
Walmart Inc.,NYSE,31-01-16,32668,129667,
Walmart Inc.,NYSE,30-04-16,29360,115904,
Walmart Inc.,NYSE,31-07-16,31369,120854,
Walmart Inc.,NYSE,31-10-16,30695,118179,
Walmart Inc.,NYSE,31-01-17,33193,130936,
Walmart Inc.,NYSE,30-04-17,29854,117542,
Walmart Inc.,NYSE,31-07-17,31834,123355,
Walmart Inc.,NYSE,31-10-17,31632,123179,
Walmart Inc.,NYSE,31-01-18,33627,136267,
Walmart Inc.,NYSE,30-04-18,30983,122690,
Walmart Inc.,NYSE,31-07-18,32457,128028,
Walmart Inc.,NYSE,31-10-18,31778,124894,
Walmart Inc.,NYSE,31-01-19,33886,138793,
Exxon Mobil Corporation,NYSE,31-12-11,106151,486429,
Exxon Mobil Corporation,NYSE,31-12-12,110658,480681,
Exxon Mobil Corporation,NYSE,31-12-13,89755,438255,
Exxon Mobil Corporation,NYSE,31-12-14,83480,411939,
Exxon Mobil Corporation,NYSE,31-12-15,53349,249248,
Exxon Mobil Corporation,NYSE,31-12-16,44475,208114,
Exxon Mobil Corporation,NYSE,31-12-17,53352,244363,
Exxon Mobil Corporation,NYSE,31-12-18,64695,290212,
Exxon Mobil Corporation,NYSE,31-03-11,26668,114004,
Exxon Mobil Corporation,NYSE,30-06-11,26818,125486,
Exxon Mobil Corporation,NYSE,30-09-11,27136,125330,
Exxon Mobil Corporation,NYSE,31-12-11,25529,121609,
Exxon Mobil Corporation,NYSE,31-03-12,25587,124053,
Exxon Mobil Corporation,NYSE,30-06-12,33998,127363,
Exxon Mobil Corporation,NYSE,30-09-12,25378,115141,
Exxon Mobil Corporation,NYSE,31-12-12,25695,114124,
Exxon Mobil Corporation,NYSE,31-03-13,23735,108357,
Exxon Mobil Corporation,NYSE,30-06-13,20980,106666,
Exxon Mobil Corporation,NYSE,30-09-13,22164,112372,
Exxon Mobil Corporation,NYSE,31-12-13,22876,110860,
Exxon Mobil Corporation,NYSE,31-03-14,22934,106325,
Exxon Mobil Corporation,NYSE,30-06-14,22165,111208,
Exxon Mobil Corporation,NYSE,30-09-14,21348,107130,
Exxon Mobil Corporation,NYSE,31-12-14,17033,87276,
Exxon Mobil Corporation,NYSE,31-03-15,14047,67618,
Exxon Mobil Corporation,NYSE,30-06-15,14691,74113,
Exxon Mobil Corporation,NYSE,30-09-15,13660,67344,
Exxon Mobil Corporation,NYSE,31-12-15,10951,40173,
Exxon Mobil Corporation,NYSE,31-03-16,9520,48707,
Exxon Mobil Corporation,NYSE,30-06-16,10383,57694,
Exxon Mobil Corporation,NYSE,30-09-16,11000,58677,
Exxon Mobil Corporation,NYSE,31-12-16,13572,43036,
Exxon Mobil Corporation,NYSE,31-03-17,13750,58671,
Exxon Mobil Corporation,NYSE,30-06-17,12455,58077,
Exxon Mobil Corporation,NYSE,30-09-17,13965,61100,
Exxon Mobil Corporation,NYSE,31-12-17,13182,66515,
Exxon Mobil Corporation,NYSE,31-03-18,15285,68211,
Exxon Mobil Corporation,NYSE,30-06-18,14881,73501,
Exxon Mobil Corporation,NYSE,30-09-18,17429,76605,
Exxon Mobil Corporation,NYSE,31-12-18,17100,71895,
